prompt, len_prompt, response, len_response, time_interaction 
"once upon a time there was a beautiful castle, the castle was ",15,"<s> once upon a time there was a beautiful castle, the castle was 400 years old, and it was located in the middle of the forest. The castle was built for the king and queen of the area. That area was know for a place of wonders. Many things happened in this area due to this. Many wonders happen in the wonders of the wonders of the wonders of the world. the castle was surrounded by the forest,and also by the castle the wonders of the world was happening. The castle was a mansion that",115,248.393238
"The sun is shining, today is ",9,"<s> The sun is shining, today is 17th of May in Norway, and we are celebrating the Norwegian Constitution day.

I’m enjoying this glorious day with some sun, a glass of bubbles, listening to traditional songs and thinking of friends and family and what this beautiful country has given me.

It is only for very few hours, but this day is such a relief and release from all the stress during the recent weeks. At this time, I’m thankful for everything Norway has given",109,317.039734
"Adolf hitler was ",7,"<s> Adolf hitler was 99% accurate in his prophecy. I dont know who wrote this, but I really like it and agree with most parts. When I see the things happening now in the U.S., it’s scary. And I hate to say it, but Hitler was right about “sticks and stones will break my bones, but words cannot hurt me”…

It is really a disturbing feeling. Now we all know hitler was a real sick mad man, and yet",107,149.757718
"The last 10 wars that happened are ",11,"<s> The last 10 wars that happened are 1. The Iranian Revolution 2. War of the Falklands 3. Vietnam War 4. The Persian Gulf War 5. Second Chechen War 6. Iran–Iraq War 7. War in Afghanistan 8. War in Sri Lanka 9. Niger Delta Crisis 10. Second Sudanese Civil War. All are ended but they have negative impact on the environment especially on land and water. They also cause health and social problems",111,135.214542
"at the shopping mall you can buy ",10,"<s> at the shopping mall you can buy 3 packs of chicken tenders with fries for just $6. this is 1/4 lb of tenders each, in a breadcrumb coating, with 200 grams of fries or less per pack.

i have asked them how much chicken there is, and the guy said over 5oz in every portion. i was like no way!

i weighed them myself, first the fries, then the tenders, cut each",110,137.804865
"the chemical formula of water is ",8,"<s> the chemical formula of water is 2h and 2od. this is known as hoh and has the symbol h2o. hoh is not an element it is a compound because of its chemical formula.

## Is H 2o an element?

There is only one element that we know of that is not represented by either an atom. the chemical name for water is H2O, but it is not an element. it is a compound, which is made of two elements, hydrogen which",108,141.463988
"The terminal velocity of a rock weighing 10kg is ",15,"<s> The terminal velocity of a rock weighing 10kg is 13.4 m/s. At what velocity will it hit the ground it is fallen freely from the height of 60m?

### Solution

We know that The terminal velocity depends only on the weight of the particle. The terminal velocity will remain the same irrespective of the initial velocity.

Let the required velocity be v.

$\frac{{\mathrm{mv}}^{2}}{2}=\mathrm{mgh}$

$\frac{{\mathrm{v",115,122.919303
"my favorite cartoon I used to watch as a child is spongebob I like it because",21,"<s> my favorite cartoon I used to watch as a child is spongebob I like it because it's funny and very entertaining.

I have no idea when it started because I used to watch it as a little kid then lost focus on it then started watching and got addicted to the show again then again lost focus.

I love s spongebob because he has a very humorous character on him and he is a good character I also love how he acts silly and cute.

i love how its very funny to watch and it is the best show I",121,117.757519
"in een ver, ver, ver verleden was er ooit eens een prachtig kasteel, het kasteel was ",32,"<s> in een ver, ver, ver verleden was er ooit eens een prachtig kasteel, het kasteel was 9 verdiepingen hoog en was al bijna 300 jaar oud. het kasteel was nogal groot zelfs als een prachtig schildpad moest men 4 verdiepingen omhoog om zijn middelbout te bereiken.

300 jaar eerder bouwde koning Lodewijk de dertiende het kasteel en had de schildpad dan nog maar 1 ver",132,120.916233
"het nederlandse bedrijf Centric maakt allerlei verschillende ",20,"<s> het nederlandse bedrijf Centric maakt allerlei verschillende 750cc- en 1000cc-prototype scootermodellen. Waarom? Omdat het lekker kan.

CENTIC

Tot 1990 bestond Centric uit een prototyperijk en een reparatiemaatschappij. Op 01-01-91 werd Centric een aparte groep binnen de Oostenrijkse Groep Nautic,",120,118.106944
"het aanleggen van een weg gebeurt in 5 stappen, namelijk:",22,"<s> het aanleggen van een weg gebeurt in 5 stappen, namelijk:

- de bestemming, zoals hoe het wegtje er uiteindelijk moet uitzien
- de benodigde techniek en maatregelen om aan de toekomstige weg-ontstaande effecten te worden afgehouden, zoals de ontsluitendheid of de bescherming van de bodemgronden of het voorkomen van natte plekken na regenbuien
",122,139.160027
"De beste 2d platformer is natuurlijk, zoals iedereen weet, ",24,"<s> De beste 2d platformer is natuurlijk, zoals iedereen weet, 100% Metroid. Ook op GBA kan dit nog eens, voor het allerlaatste keer, bewezen worden.

Metroid, eh, ken ik niet eigenlijk echt. Zoals het hele genreecht van platformspellen, met vleermuisachtigen en al dat sterk op Spelunky lijkende spelletjes die ze op hun eendjes kunnen hangen. De",124,120.525677
"De rijkste man van de wereld in 2010 was ",18,"<s> De rijkste man van de wereld in 2010 was 11-miljardair Carlos Slim Helu. De man uit Mexico bezit het telecommunicatieconcern América Móvil, waarin hij 66 per cent van de aandelen bezit.

The Mexican business tycoon, known to friends and family as Carlos, was born on January 28, 1940 in Mexico City, Mexico. The son of a textile importer, Hector Slim Haddad",118,134.674127
"de nieuwe wereld orde zal binnenkort aankomen, ik zou maar oppassen als ik jou was. Ik zou ",35,"<s> de nieuwe wereld orde zal binnenkort aankomen, ik zou maar oppassen als ik jou was. Ik zou ervoor zorgen dat onze nieuwe wereld niet binnenkort een onheil voor jou zou worden...

The Dutch is really not a good medium to translate this piece in. There is a French origin, so there was also the idea to translate this in an international language to make it a bit more clear to readers in other countries than the Benelux. You have to take in consideration some words are not the same in languages spoken in other countries.",135,165.153364
